(916) 686-3008,800-985-0733
480-496-9760
43721713
804-732-3412
(262) 785-1377,(262) 785-6655
(610)696-1272,(610) 696-1272
+91-120-6025102,888-288-3570,120-627-7777,120-627-7778
978-238-8400,603-505-4665,978-216-3200,2014-2022
+45 6052 2962
262-785-4470
(702) 658-4840,(702) 658-4045
2004-2023,7524 8908
317.409.0839
(515) 985-1160
8236 0032,8236 0082,03143328
1998-2022
02866820240
866.722.8500,7339-1535
503-640-4777,503-357-9394,503-317-0319
878-0665,(310) 878-0665,01424052,310-878-0665,1852204
(615) 321-8624,1981-2019
(212)254-3643
443-618-9801
800-917-9754,619-210-0661
303.722.8600
16063794561,46378753,16063773767,19507474,16060637920,22061067,2008-2014
(832) 444-8337,(832) 726-6121,(281) 731-4633,(209) 304-3183,(918) 619-7114,(435) 781-4538,(713) 400-7600,(281) 543-8247,(435) 789-1921,(832) 974-4387
(702) 852-6688
212 537 674861
586-573-4444,7091657,586.573.4444
800-444-2742,773-867-1777
212 835 0625
800.660.9340
(760) 213-1434
(800) 880-2028
800 368 7703
808.527.7777,800.272.5202,808.527.7722
4051383,+43 699 1997,353 51644040,+8224598230,-459-8236,-459-8256,-459-8252,-9077936,301-654-2055,997 1639,+43 1997 1639
609.893.6611
720-259-9962,480-389-2337,623-209-7766,480-588-3180,970-672-1410,720-259-9750,720-259-2793,720-381-3020,720-627-6378,720-863-4366,(720) 259-9962
2022-2023,850-224-8474
866-967-9604
408-709-3909,9726-19401
210.732.6400
570-655-2831,570-655-4668,570-654-7211,(570) 655-2831
6524-3423,866.704.2247,203.393.0010,800.243.4788 x1235
321-235-8882
800.351.6893
(617) 443-1000
732.800.4499,2012-2019
321-784-8211
(514) 693-1372,(514) 426-1373
(336) 434-3395,(336) 434-0817
(713) 582-6787,855-452-6837,713-582-6787,800-694-9091
800-626-6653,248.398.6000,905-677-6370
(514) 992-5902
153344878
800-984-3775,1994-2022
(808) 261-1470
505-821-6666,505-857-0634
831.429.5400
(623) 742-6050
208.622.5211,303-797-9080
414.540.9500
877.447.8941
100-1998,508-852-5000,800-944-5003,508-853-2010
121 777 7715,121 455 7033,06702262
(844) 209-9857,(603) 421-6391,(860) 266-2616
2015-2021
(239) 284-1317,95108302,95122088,95108305,95122089,(239) 603-6235
1959-1964,1955-1959,888-414-8787
507-345-4551
(850) 425-4000
800-852-8089
(888) 263-0714,1995-2022,8104-2205
(614) 401-8800,800-367-2570
(510) 350-8700
323-205-5498,323.205.5498
+44 07816840796,+34 674268969,+33 0675687643,+49 01724209244,+32 493283191,+48 535500045,+40 0744629946,421 902671863,420 724895086,351 913697930,+36 205049194
800-331-6653,920-648-4848
2017-2021,2020-2021,2021-2022,2017-2020,2012-2022
+39.0514192611,+39.0514192602,04320910377,(804) 569-1000,(804) 559-8650
(512) 201-2966
-2890 5890,-2890 5588,-8296 6600,+86-755-3699,233 544315238,233 302745944,234 9031855879,8712032981,31011502016
800-621-0884
(509) 276-8659,(509) 276-8191
(855) 444-4911
(757) 221-0100
(757) 276-6555,(757) 656-1000
304-346-4556
(210) 824-9566
513-851-6644
800.345.6202
917-825-1182,805-428-1160,913-284-2951,561-279-4646,216-931-9161,646-469-1564
(757) 245-4228,(800) 765-6462,(757) 245-0800
417-575-9000,-6830000,-683 0000
866-706-9745
(212) 260-1414
6626-3174
379 9964
(717) 569-8702
2022 2021,2020 2019,2018 2017,2016 2015,2014 2013,2012 2011,2010 2009,2008 2007,2006 2005,2004 2003,2002 2001,2000 1999,1998 1997,1996 1995,1994 1993,1992 1991,1990 1989,1988 1987,1986 1985,1984 1983,1982 1981,1980 1979,1978 1977,1976 1975,1974 1973,1972 1971,1970 1969,1968 1967,1966 1965,1964 1963,1962 1961,1960 1959,1958 1957,1956 1955,1954 1953,1952 1951,1950 1949,1948 1947,1946 1945,1944 1943,1942 1941,1940 1939,1938 1937,1936 1935,1934 1933,1932 1931,1930 1929,1928 1927,1926 1925,1924 1923,1922 1921,1920 1919,1918 1917,1916 1915,1914 1913,1912 1911,1910 1909,1908 1907,1906 1905,1904 1903,1902 1901
(803) 739-2176
800-584-9131,404.675.1950
(800) 956-4326
2003-2022
(937) 422-0088,(937) 938-7420,937-938-7420,937-755-1628
(704) 372-8603
